"sales_month","total_orders","total_revenue"
"2022-03","140","94810.0"
"2022-04","39131","2.6234121E7"
"2022-05","33731","2.3948113E7"
"2022-06","29345","2.0773941E7"
